path,Duration,N_words,SR,AR,PR,LPF,MLFR,RateSD,F0_IQR,RMS_IQR,Timing,Prosody,Fluency,Level
./data/CHN_001.wav,2244.998125,3906,104.39206936976841,127.69405857740593,0.18248295548936813,4.971050922369924,7.482758620689655,56.98840664456879,0.0,0.0,0.5750000000000001,,0.5750000000000001,Intermediate
